team,team_id,match_id,outcome,won,N,S,N_eff,N_eff_frac,team_sf
Deportivo Alavés,206,3894664,win,1,15,0.9545807181621447,12.125886780067557,0.8083924520045038,0.24740932642487046
Deportivo Alavés,206,3894825,lost,0,16,0.9376309169064291,11.690686566282228,0.7306679103926392,0.25558659217877094
Deportivo Alavés,206,3894839,win,1,15,0.9781271743139286,13.372477880556865,0.8914985253704576,0.29422382671480146
Deportivo Alavés,206,3894905,draw,0,16,0.9569269763605559,13.172782123599701,0.8232988827249813,0.2722772277227723
Deportivo Alavés,206,3894751,lost,0,16,0.9468911195316507,12.432116609930022,0.7770072881206264,0.23716012084592145
Deportivo Alavés,206,3894533,lost,0,16,0.951586664232863,12.584098177387682,0.7865061360867301,0.21754807692307693
Deportivo Alavés,206,3894689,lost,0,16,0.960002131597902,12.922160457046562,0.8076350285654101,0.1503957783641161
Deportivo Alavés,206,3894748,win,1,15,0.9548355237878966,12.244915692940816,0.8163277128627211,0.2737341772151899
Deportivo Alavés,206,3894585,lost,0,16,0.9643282195508868,13.306549021199183,0.831659313824949,0.24404761904761904
Deportivo Alavés,206,3894798,lost,0,16,0.9654810815918901,13.574897979449409,0.848431123715588,0.2536231884057971
Deportivo Alavés,206,3894715,draw,0,16,0.9577561468449147,12.962844150150628,0.8101777593844143,0.23743016759776536
Deportivo Alavés,206,3894784,draw,0,16,0.9192191419923086,11.28463701886249,0.7052898136789056,0.21948608137044967
Deportivo Alavés,206,3894874,draw,0,16,0.9627712308914382,13.29160978893076,0.8307256118081725,0.17877906976744187
Deportivo Alavés,206,3894635,lost,0,16,0.9611167526384405,13.234309265023406,0.8271443290639628,0.18161925601750548
Deportivo Alavés,206,3894760,draw,0,15,0.9466110142720422,11.913234967112004,0.7942156644741336,0.2256857855361596
Deportivo Alavés,206,3894814,lost,0,16,0.9581166749171114,13.17686947814229,0.8235543423838931,0.22694174757281554
Deportivo Alavés,206,3894737,win,1,15,0.9272757476695456,10.962365583453948,0.7308243722302632,0.22739361702127658
Deportivo Alavés,206,3894649,lost,0,16,0.9494213929255887,12.512095113013148,0.7820059445633217,0.28044871794871795
Deportivo Alavés,206,3894562,draw,0,15,0.9435547461269695,11.786130620462158,0.7857420413641438,0.25857142857142856
Deportivo Alavés,206,3894863,win,1,16,0.9530529135917339,12.823250496679888,0.801453156042493,0.2949438202247191
Deportivo Alavés,206,3894557,lost,0,16,0.9412885765334816,12.224517062089102,0.7640323163805689,0.2345679012345679
Deportivo Alavés,206,3894598,win,1,16,0.9595540765510061,13.036682428051044,0.8147926517531903,0.166
Deportivo Alavés,206,3894772,draw,0,15,0.9401739768093416,11.766606178185098,0.7844404118790066,0.2801724137931034
Deportivo Alavés,206,3894605,lost,0,16,0.9727316704107432,13.927337887904518,0.8704586179940323,0.22842639593908629
Deportivo Alavés,206,3894858,win,1,16,0.942195878896932,12.410527167804432,0.775657947987777,0.2728658536585366
Deportivo Alavés,206,3894669,draw,0,16,0.9364930038102833,11.993023361361079,0.7495639600850674,0.25903614457831325
Deportivo Alavés,206,3894547,win,1,15,0.9405849827159071,11.410661425389836,0.7607107616926557,0.28807947019867547
Deportivo Alavés,206,3894720,win,1,15,0.9330794801257862,11.25829717207241,0.7505531448048274,0.3101694915254237
Deportivo Alavés,206,3894684,lost,0,16,0.9758087863117073,14.19705167868022,0.8873157299175137,0.27361111111111114
Deportivo Alavés,206,3894615,lost,0,16,0.9540293653817725,12.914053586203597,0.8071283491377248,0.22857142857142856
Deportivo Alavés,206,3894648,win,1,14,0.9433984007451507,10.900322129568437,0.7785944378263169,0.23096446700507614
Deportivo Alavés,206,3894884,lost,0,16,0.9540926079061294,12.598123917183141,0.7873827448239463,0.22109826589595374
Deportivo Alavés,206,3894708,lost,0,16,0.9474994526630426,12.4359178485785,0.7772448655361562,0.18193717277486912
Deportivo Alavés,206,3894837,lost,0,16,0.9659259032759211,13.331190488017237,0.8331994055010773,0.21398305084745764
Deportivo Alavés,206,3894573,lost,0,16,0.9443390961635495,12.065235062283888,0.754077191392743,0.23143564356435645
Deportivo Alavés,206,3894628,draw,0,14,0.9534991409568447,11.529459289763746,0.8235328064116961,0.24915254237288137
Deportivo Alavés,206,3894894,win,1,15,0.9571593791622601,12.379020916020188,0.8252680610680125,0.3087248322147651
Deportivo Alavés,206,3894799,win,1,15,0.9783473230934175,13.577474884955727,0.9051649923303818,0.28134556574923547
Granada,1049,3894664,lost,0,16,0.9594393083824321,13.226897378310987,0.8266810861444367,0.1765834932821497
Granada,1049,3894706,lost,0,15,0.9411731052547239,11.308499557979083,0.7538999705319388,0.1619217081850534
Granada,1049,3894797,lost,0,16,0.9417369344577718,12.206025576944596,0.7628765985590372,0.1497005988023952
Granada,1049,3894867,lost,0,16,0.9665195330578962,13.64939378180419,0.8530871113627618,0.19615384615384615
Granada,1049,3894782,lost,0,15,0.9665076256665068,12.76556443981778,0.8510376293211853,0.21161825726141079
Granada,1049,3894601,draw,0,16,0.9610567029862012,13.186831038398351,0.8241769398998969,0.19114219114219114
Granada,1049,3894773,draw,0,16,0.9436117770995373,12.198866420354568,0.7624291512721605,0.17664670658682635
Granada,1049,3894903,lost,0,16,0.9431442443384797,12.057269055452263,0.7535793159657664,0.20777027027027026
Granada,1049,3894612,draw,0,16,0.9118457664986399,10.58815282100343,0.6617595513127144,0.3669950738916256
Granada,1049,3894677,lost,0,16,0.9135331802151312,10.664321753657234,0.6665201096035771,0.14835164835164835
Granada,1049,3894645,lost,0,16,0.9523317480700167,12.570190560437918,0.7856369100273699,0.21176470588235294
Granada,1049,3894559,lost,0,16,0.9827439092085223,14.59862243344483,0.9124139020903018,0.2335958005249344
Granada,1049,3894529,lost,0,16,0.9519625877385387,12.637708817981764,0.7898568011238603,0.15625
Granada,1049,3894686,lost,0,14,0.9452749020392298,11.045029487321678,0.7889306776658341,0.18162839248434237
Granada,1049,3894813,lost,0,16,0.9494712799300762,12.698679172739645,0.7936674482962278,0.21807228915662652
Granada,1049,3894584,lost,0,16,0.9652830036628163,13.393288111688193,0.8370805069805121,0.27019498607242337
Granada,1049,3894652,draw,0,16,0.9421174820149804,12.291500565733273,0.7682187853583295,0.21470588235294116
Granada,1049,3894767,draw,0,14,0.944552678487047,11.03188276696316,0.7879916262116542,0.234375
Granada,1049,3894739,lost,0,14,0.9418712472078591,10.886467916779837,0.7776048511985598,0.1766304347826087
Granada,1049,3894725,lost,0,16,0.9618879569423185,13.390236767649732,0.8368897979781083,0.20866141732283464
Granada,1049,3894575,lost,0,16,0.9592540997087745,13.036551320594999,0.8147844575371874,0.1975806451612903
Granada,1049,3894892,lost,0,16,0.9450200558293604,12.513583299024003,0.7820989561890002,0.2129032258064516
Granada,1049,3894873,lost,0,16,0.9683008069886351,13.64590992808991,0.8528693705056194,0.19184652278177458
Granada,1049,3894594,draw,0,16,0.9651313648841877,13.633906176476076,0.8521191360297548,0.2401129943502825
Granada,1049,3894750,draw,0,15,0.9516472338108959,11.942036266901288,0.7961357511267526,0.2925764192139738
Granada,1049,3894632,lost,0,16,0.9603779858131748,13.19877600709287,0.8249235004433044,0.203125
Granada,1049,3894552,win,1,16,0.9437607773541891,12.451769169821254,0.7782355731138284,0.17263427109974425
Granada,1049,3894857,win,1,15,0.951080521283694,11.666210363526261,0.7777473575684174,0.2335958005249344
Granada,1049,3894718,win,1,16,0.9326455305167998,11.430066191919233,0.714379136994952,0.17661691542288557
Granada,1049,3894624,lost,0,16,0.9491000275932414,12.8259269030779,0.8016204314423687,0.225
Granada,1049,3894692,lost,0,16,0.9432719332904662,12.365214285264107,0.7728258928290067,0.15
Granada,1049,3894800,lost,0,15,0.957359534175336,12.392046039553511,0.8261364026369008,0.3092105263157895
Granada,1049,3894842,lost,0,16,0.9437125046700834,12.410277574738872,0.7756423484211795,0.2723076923076923
Granada,1049,3894888,lost,0,15,0.9525628883987503,12.01345956651554,0.8008973044343694,0.15338645418326693
Granada,1049,3894837,win,1,15,0.9393756355067511,11.373009907957877,0.7582006605305252,0.3063973063973064
Granada,1049,3894548,lost,0,16,0.9551107446994145,12.968160957596071,0.8105100598497544,0.22493887530562348
Granada,1049,3894822,lost,0,16,0.9682986160859501,13.616651090169492,0.8510406931355933,0.27445652173913043
Granada,1049,3894733,lost,0,15,0.9387775045213572,11.51093138095531,0.7673954253970207,0.13355048859934854
Barcelona,217,3894699,win,1,15,0.951668922984046,11.683425805131987,0.7788950536754659,0.11858974358974358
Barcelona,217,3894580,win,1,16,0.9601361654242131,12.888248553810316,0.8055155346131447,0.09181286549707603
Barcelona,217,3894536,draw,0,15,0.9320257612519226,10.925294818967267,0.7283529879311511,0.09514435695538058
Barcelona,217,3894872,win,1,14,0.9493614877089483,11.363879358585715,0.8117056684704081,0.11570247933884298
Barcelona,217,3894751,win,1,16,0.9297731246053476,11.644004322704454,0.7277502701690284,0.1076923076923077
Barcelona,217,3894829,win,1,16,0.9488422681560456,12.654666272801018,0.7909166420500636,0.15067340067340068
Barcelona,217,3894695,draw,0,13,0.9444264139907327,10.281049584598769,0.7908499680460591,0.14083333333333334
Barcelona,217,3894896,win,1,16,0.9467816443505734,12.314318448936108,0.7696449030585067,0.10357675111773472
Barcelona,217,3894661,lost,0,15,0.9581190218758528,12.191395033025719,0.8127596688683812,0.125
Barcelona,217,3894680,lost,0,15,0.9486591960718296,11.5581119531512,0.7705407968767467,0.12369337979094076
Barcelona,217,3894741,lost,0,16,0.9628339162091532,13.398210497831997,0.8373881561144998,0.1306179775280899
Barcelona,217,3894732,win,1,14,0.9367688102960144,10.383182544796481,0.7416558960568915,0.11835748792270531
Barcelona,217,3894612,draw,0,14,0.9617811394540701,11.646152969965323,0.8318680692832373,0.1234866828087167
Barcelona,217,3894823,win,1,15,0.9357089680699128,11.299455256563142,0.7532970171042095,0.10929319371727748
Barcelona,217,3894629,lost,0,15,0.9601826311972111,12.10915744213501,0.8072771628090006,0.13036020583190394
Barcelona,217,3894572,win,1,16,0.9568528407272965,12.857884278466784,0.803617767404174,0.10662824207492795
Barcelona,217,3894779,win,1,16,0.9454385403868958,12.426893725378124,0.7766808578361327,0.14308681672025725
Barcelona,217,3894593,draw,0,15,0.9525018396924917,11.882937693563122,0.7921958462375415,0.15447154471544716
Barcelona,217,3894710,win,1,16,0.9405052916050292,11.979292007887171,0.7487057504929482,0.1559040590405904
Barcelona,217,3894843,lost,0,15,0.9607650321275115,12.420082700432692,0.8280055133621794,0.10869565217391304
Barcelona,217,3894864,lost,0,16,0.9472306593724684,12.331343051850244,0.7707089407406402,0.12074554294975688
Barcelona,217,3894625,win,1,15,0.9487749889916135,11.815597525660829,0.787706501710722,0.13345195729537365
Barcelona,217,3894649,win,1,15,0.9306091230708805,10.849439532410338,0.7232959688273559,0.11601513240857503
Barcelona,217,3894767,draw,0,13,0.9615426832435932,10.89940104581877,0.8384154650629824,0.12745098039215685
Barcelona,217,3894600,draw,0,14,0.9648721686011561,11.995739593617659,0.8568385424012613,0.15680473372781065
Barcelona,217,3894670,win,1,14,0.9421275329894323,10.953448567401997,0.782389183385857,0.10413476263399694
Barcelona,217,3894803,win,1,15,0.9371431570981313,11.306774356922999,0.7537849571281999,0.1344984802431611
Barcelona,217,3894854,win,1,16,0.9486560938160964,12.2818045525168,0.7676127845323,0.11221945137157108
Barcelona,217,3894560,win,1,16,0.9233547176392255,11.093953968248982,0.6933721230155614,0.10857142857142857
Barcelona,217,3894879,win,1,16,0.9375433539653376,11.901282575934014,0.7438301609958758,0.102880658436214
Barcelona,217,3894774,win,1,15,0.9509863439189388,11.869363930166632,0.7912909286777754,0.12482566248256625
Barcelona,217,3894815,win,1,16,0.9405107223619708,12.174286999186196,0.7608929374491372,0.11714770797962648
Barcelona,217,3894907,win,1,16,0.9381508211524697,11.677682585845739,0.7298551616153587,0.09200603318250378
Barcelona,217,3894641,win,1,15,0.9534079734165414,12.107818771817092,0.8071879181211394,0.16350710900473933
Barcelona,217,3894558,win,1,15,0.9675628711598709,12.848052166842882,0.8565368111228587,0.11637239165329052
Barcelona,217,3894541,win,1,16,0.9234939958984426,11.159790928968379,0.6974869330605237,0.10321100917431193
Barcelona,217,3894726,win,1,14,0.9409352599625613,10.738020526859104,0.7670014662042217,0.11716417910447761
Barcelona,217,3894790,draw,0,16,0.9528384675385742,12.653879176250603,0.7908674485156627,0.12769485903814262
Almería,403,3894699,lost,0,14,0.9554873067565166,11.62106223222471,0.8300758737303365,0.2375366568914956
Almería,403,3894626,lost,0,16,0.9612042287040007,13.240085081000597,0.8275053175625373,0.23404255319148937
Almería,403,3894685,lost,0,14,0.9614466209605903,11.924679682673775,0.8517628344766982,0.21739130434782608
Almería,403,3894690,draw,0,16,0.9713572479407084,13.853794695807096,0.8658621684879435,0.23897911832946636
Almería,403,3894713,lost,0,16,0.967938728755907,13.745240257804998,0.8590775161128124,0.17984189723320157
Almería,403,3894601,draw,0,16,0.9499924590075444,12.579056568674208,0.786191035542138,0.20202020202020202
Almería,403,3894893,draw,0,16,0.9639197742305123,13.641632744534917,0.8526020465334323,0.16519823788546256
Almería,403,3894766,draw,0,15,0.9704153532933651,13.040071163266836,0.8693380775511224,0.21875
Almería,403,3894748,lost,0,16,0.9528903645216311,12.70154259019108,0.7938464118869425,0.1512455516014235
Almería,403,3894835,draw,0,14,0.9546807184979123,11.327454899144621,0.809103921367473,0.16878980891719744
Almería,403,3894738,lost,0,16,0.9663986043203134,13.407939490371154,0.8379962181481971,0.33073929961089493
Almería,403,3894773,draw,0,15,0.9621040461262974,12.547882559701034,0.8365255039800689,0.21584699453551912
Almería,403,3894900,win,1,16,0.9468103368176353,12.390877607915677,0.7744298504947298,0.1736725663716814
Almería,403,3894861,win,1,15,0.9595139602097825,12.608882511053645,0.8405921674035763,0.2809667673716012
Almería,403,3894853,lost,0,15,0.9673751868803472,12.65404829107209,0.843603219404806,0.1898876404494382
Almería,403,3894818,win,1,15,0.971954855929306,12.977301715701916,0.865153447713461,0.2471590909090909
Almería,403,3894804,draw,0,16,0.9531294496138567,12.551565313082303,0.784472832067644,0.18973214285714285
Almería,403,3894577,lost,0,16,0.9355837289627829,12.10162259815167,0.7563514123844793,0.23076923076923078
Almería,403,3894752,lost,0,16,0.9579965618361557,13.29367234515467,0.8308545215721669,0.18526785714285715
Almería,403,3894550,draw,0,16,0.9544878852688887,12.957269802467135,0.8098293626541959,0.22070844686648503
Almería,403,3894719,draw,0,16,0.9656268183621025,13.6580049177107,0.8536253073569188,0.1804932735426009
Almería,403,3894675,draw,0,15,0.943516083032473,11.516444140230956,0.7677629426820637,0.16308243727598568
Almería,403,3894637,lost,0,16,0.9722286439897091,13.911907432378241,0.8694942145236401,0.24707259953161592
Almería,403,3894591,lost,0,16,0.959768951723612,13.13994112820286,0.8212463205126788,0.16666666666666666
Almería,403,3894786,draw,0,16,0.9517183640184189,12.843403135279132,0.8027126959549458,0.2281795511221945
Almería,403,3894542,lost,0,16,0.9550087621360885,12.912473005985394,0.8070295628740871,0.1511879049676026
Almería,403,3894537,lost,0,16,0.9539666955907368,12.725052602184917,0.7953157876365573,0.15654648956356737
Almería,403,3894848,lost,0,15,0.9524847695076463,12.171985330155849,0.8114656886770566,0.12846580406654343
Almería,403,3894824,lost,0,16,0.9633085862191981,13.370054290557555,0.8356283931598472,0.18008474576271186
Almería,403,3894648,lost,0,16,0.9564256705134148,12.961991839693681,0.8101244899808551,0.225
Almería,403,3894789,lost,0,16,0.9610061299813349,13.148429630833828,0.8217768519271142,0.24474474474474475
Almería,403,3894879,lost,0,16,0.9621429284902153,13.340062817910677,0.8337539261194173,0.15450121654501217
Almería,403,3894582,draw,0,16,0.9435281008491785,12.295766952450752,0.768485434528172,0.13983050847457626
Almería,403,3894875,lost,0,15,0.9531327958807004,12.148385731994491,0.8098923821329661,0.13851351351351351
Almería,403,3894658,lost,0,15,0.9531024034009933,12.291097797351823,0.8194065198234548,0.2615606936416185
Almería,403,3894663,lost,0,16,0.9672468350475111,13.664034133285792,0.854002133330362,0.27007299270072993
Almería,403,3894613,lost,0,16,0.9467406278945031,12.345829075616322,0.7716143172260201,0.2591623036649215
Almería,403,3894566,lost,0,16,0.9437028264421676,12.182817243978487,0.7614260777486554,0.12874251497005987
Sevilla,213,3894706,win,1,15,0.9558391913797971,12.070670987845196,0.8047113991896797,0.17572815533980582
Sevilla,213,3894886,lost,0,15,0.9502723035859565,12.095296513015136,0.8063531008676758,0.14757281553398058
Sevilla,213,3894855,draw,0,15,0.9460333609020577,11.74243120382323,0.7828287469215487,0.16083916083916083
Sevilla,213,3894867,win,1,16,0.93132079065099,11.901953086430153,0.7438720679018845,0.13784246575342465
Sevilla,213,3894574,win,1,16,0.9461032574045853,12.57590023956502,0.7859937649728137,0.265
Sevilla,213,3894671,draw,0,14,0.9476376821591606,11.17251043881696,0.7980364599154972,0.14964788732394366
Sevilla,213,3894877,lost,0,14,0.9662669217997266,12.004402543937937,0.8574573245669955,0.16370558375634517
Sevilla,213,3894845,win,1,16,0.9378967276670797,12.16317781072277,0.7601986131701731,0.13074204946996468
Sevilla,213,3894623,lost,0,15,0.9474668826195405,11.846533698100995,0.789768913206733,0.1303501945525292
Sevilla,213,3894555,lost,0,14,0.9468964488057069,11.266034376130074,0.8047167411521482,0.20042194092827004
Sevilla,213,3894683,lost,0,14,0.9450898524010996,11.086462342252194,0.7918901673037281,0.13530326594090203
Sevilla,213,3894811,lost,0,16,0.9601795549788816,13.165893552115389,0.8228683470072118,0.1937984496124031
Sevilla,213,3894804,draw,0,15,0.9640776537482089,12.596007765060833,0.8397338510040555,0.16469594594594594
Sevilla,213,3894826,win,1,16,0.9660731631102417,13.767247678341498,0.8604529798963436,0.299079754601227
Sevilla,213,3894565,lost,0,15,0.9575789901963742,12.478352057049975,0.8318901371366649,0.15414258188824662
Sevilla,213,3894610,draw,0,16,0.958953319293913,13.085518315360984,0.8178448947100615,0.19326923076923078
Sevilla,213,3894834,win,1,15,0.9237826062610488,10.76076508219421,0.7173843388129473,0.13705583756345177
Sevilla,213,3894749,win,1,15,0.9498632304282753,11.9818808542648,0.7987920569509867,0.27662721893491127
Sevilla,213,3894591,win,1,16,0.9440036820981252,12.54220142885323,0.7838875893033269,0.19306930693069307
Sevilla,213,3894647,draw,0,15,0.9514079867341383,11.995641998392317,0.7997094665594878,0.14149443561208266
Sevilla,213,3894600,draw,0,16,0.9388732424826233,12.14575043323007,0.7591094020768794,0.20698924731182797
Sevilla,213,3894712,lost,0,16,0.9588487762290964,12.986583825199807,0.8116614890749879,0.15396578538102643
Sevilla,213,3894547,lost,0,16,0.9560785770554333,13.02689382828413,0.8141808642677582,0.16749585406301823
Sevilla,213,3894720,lost,0,16,0.9547143590303031,12.816585671622187,0.8010366044763867,0.16666666666666666
Sevilla,213,3894796,win,1,16,0.9431250421698666,12.489590031312755,0.7805993769570472,0.2619718309859155
Sevilla,213,3894698,lost,0,14,0.9615557884124233,11.750140891259248,0.8392957779470891,0.20229007633587787
Sevilla,213,3894665,draw,0,16,0.9546325433728785,13.130929004569639,0.8206830627856024,0.2026726057906459
Sevilla,213,3894898,lost,0,14,0.9582209040009276,11.61733076790542,0.8298093405646728,0.18365180467091294
Sevilla,213,3894907,lost,0,16,0.9452732777071996,12.415526482710144,0.775970405169384,0.13863636363636364
Sevilla,213,3894654,draw,0,15,0.9505059521459333,12.10184970696095,0.8067899804640634,0.18857142857142858
Sevilla,213,3894736,lost,0,16,0.9547664459765334,12.77142958653222,0.7982143491582637,0.16566265060240964
Sevilla,213,3894746,draw,0,15,0.9558155242599266,12.288243777263093,0.8192162518175395,0.23039215686274508
Sevilla,213,3894780,lost,0,16,0.9311498106624806,11.495281862910085,0.7184551164318803,0.16331658291457288
Sevilla,213,3894761,win,1,16,0.9478094375520083,12.520130873200864,0.782508179575054,0.172686230248307
Sevilla,213,3894531,lost,0,15,0.9519549523637012,11.884363340797323,0.7922908893864882,0.23940677966101695
Sevilla,213,3894634,draw,0,16,0.9583240506776551,13.225593942849331,0.8265996214280832,0.16777408637873753
Sevilla,213,3894771,draw,0,16,0.9284504390956296,11.69928295467703,0.7312051846673143,0.1526508226691042
Sevilla,213,3894587,draw,0,14,0.9483877968495261,11.134016070469654,0.7952868621764039,0.2610619469026549
Cádiz,552,3894614,lost,0,16,0.9271879426342711,11.229648360863509,0.7018530225539693,0.3445378151260504
Cádiz,552,3894886,win,1,16,0.933954474062001,11.672776400741313,0.729548525046332,0.21674876847290642
Cádiz,552,3894744,draw,0,14,0.9841529847802888,12.93077875227168,0.9236270537336914,0.2532467532467532
Cádiz,552,3894608,lost,0,16,0.9583708017597101,13.017545934352647,0.8135966208970404,0.26392961876832843
Cádiz,552,3894678,draw,0,15,0.9484936832850352,11.635401602761759,0.7756934401841172,0.295
Cádiz,552,3894724,lost,0,16,0.9505620487949359,12.602111784124778,0.7876319865077986,0.22098765432098766
Cádiz,552,3894829,lost,0,16,0.9586828363178512,13.1313360411749,0.8207085025734312,0.24611398963730569
Cádiz,552,3894590,draw,0,16,0.9532445949775699,12.448876706623759,0.7780547941639849,0.23304157549234136
Cádiz,552,3894754,draw,0,15,0.9472305348588634,11.96581625655954,0.797721083770636,0.2612732095490716
Cádiz,552,3894807,win,1,16,0.9611312589277764,13.222502827658168,0.8264064267286355,0.2455012853470437
Cádiz,552,3894533,win,1,16,0.9407363333774035,12.186413974593236,0.7616508734120773,0.25382262996941896
Cádiz,552,3894703,draw,0,15,0.9698365477417192,12.81585793355072,0.8543905289033814,0.2884012539184953
Cádiz,552,3894900,lost,0,16,0.9518808382215375,12.947480520251744,0.809217532515734,0.14412811387900357
Cádiz,552,3894653,draw,0,16,0.975091531759958,14.104025621252928,0.881501601328308,0.35185185185185186
Cádiz,552,3894846,lost,0,16,0.9609049412244742,13.112016811190276,0.8195010506993923,0.1618942731277533
Cádiz,552,3894868,lost,0,16,0.9568817377900145,12.85753595558435,0.8035959972240219,0.19134078212290503
Cádiz,552,3894889,draw,0,16,0.9554463515881862,12.836760100448283,0.8022975062780177,0.22626262626262628
Cádiz,552,3894550,draw,0,16,0.9267780118294742,11.914755131201566,0.7446721957000979,0.20822622107969152
Cádiz,552,3894737,lost,0,16,0.9629561911777363,13.216947221367294,0.8260592013354559,0.20854922279792745
Cádiz,552,3894856,lost,0,16,0.9543750016996347,12.847655114722022,0.8029784446701264,0.20939334637964774
Cádiz,552,3894667,lost,0,16,0.9493689474573775,12.43664100841671,0.7772900630260444,0.15783664459161148
Cádiz,552,3894775,lost,0,16,0.9585390224524273,13.019557162545622,0.8137223226591014,0.23294117647058823
Cádiz,552,3894788,draw,0,16,0.9571234931689808,13.16968306327467,0.8231051914546669,0.20398009950248755
Cádiz,552,3894793,draw,0,16,0.9563604635682766,13.049060645740912,0.815566290358807,0.29976851851851855
Cádiz,552,3894588,draw,0,15,0.9694759731637014,13.012413342909076,0.8674942228606051,0.24615384615384617
Cádiz,552,3894762,lost,0,15,0.9491299650912407,12.005520799603234,0.8003680533068823,0.15060240963855423
Cádiz,552,3894569,lost,0,16,0.9766325890887634,14.121429080522029,0.8825893175326268,0.3003472222222222
Cádiz,552,3894642,lost,0,16,0.9528288106880312,13.016908099750312,0.8135567562343945,0.22840909090909092
Cádiz,552,3894563,win,1,16,0.9555798607905623,13.039343646910202,0.8149589779318877,0.2507418397626113
Cádiz,552,3894718,lost,0,16,0.9681818006328619,13.763882564505709,0.8602426602816068,0.23931623931623933
Cádiz,552,3894697,draw,0,15,0.9702748149136915,13.095697654844976,0.8730465103229984,0.2664756446991404
Cádiz,552,3894541,lost,0,16,0.947154694962256,12.430647895822927,0.776915493488933,0.2676991150442478
Cádiz,552,3894634,draw,0,16,0.917794213588141,10.861918030370214,0.6788698768981384,0.2921875
Cádiz,552,3894869,win,1,16,0.9460402667612188,12.528076078564492,0.7830047549102808,0.24686716791979949
Cádiz,552,3894822,win,1,16,0.9537387200970471,12.994764555559106,0.8121727847224441,0.19731800766283525
Cádiz,552,3894621,lost,0,16,0.9583705872792576,13.064924490473626,0.8165577806546016,0.21662125340599456
Cádiz,552,3894810,lost,0,16,0.9525179602710658,12.92266323883311,0.8076664524270694,0.2640449438202247
Cádiz,552,3894682,draw,0,15,0.9708198782429341,12.777119592399247,0.8518079728266165,0.28448275862068967
Girona,211,3894614,win,1,16,0.9263022112204539,11.483491165193858,0.7177181978246161,0.12652439024390244
Girona,211,3894776,lost,0,14,0.9393260967066613,10.725237930944003,0.7660884236388573,0.1130374479889043
Girona,211,3894758,draw,0,15,0.9477683856299146,11.926558785528519,0.7951039190352346,0.17626728110599077
Girona,211,3894626,win,1,16,0.9244473200256502,11.411062453991905,0.713191403374494,0.11169415292353824
Girona,211,3894643,win,1,14,0.9480091617369047,11.156643245395061,0.7969030889567901,0.15546218487394958
Girona,211,3894595,win,1,16,0.9366357226324088,11.806393883031387,0.7378996176894617,0.14977477477477477
Girona,211,3894543,win,1,16,0.9327640494282478,11.712537572243445,0.7320335982652153,0.15237226277372262
Girona,211,3894787,win,1,16,0.9101798023259545,10.69246227569152,0.66827889223072,0.14285714285714285
Girona,211,3894689,win,1,16,0.9359822319130623,11.679498237791087,0.7299686398619429,0.09905020352781546
Girona,211,3894850,win,1,16,0.9442598070039475,12.3612192796133,0.7725762049758312,0.23501199040767387
Girona,211,3894680,win,1,15,0.9490858598343175,11.791006488437032,0.7860670992291355,0.15009940357852883
Girona,211,3894742,win,1,13,0.9549705876344865,10.66762897901397,0.8205868445395361,0.15441176470588236
Girona,211,3894555,win,1,16,0.9279491525391167,11.550731130773595,0.7219206956733497,0.20521541950113378
Girona,211,3894903,win,1,16,0.9453827301367993,11.945814418351578,0.7466134011469736,0.11875945537065052
Girona,211,3894880,lost,0,14,0.9332590138516834,10.573759347945341,0.7552685248532386,0.09813664596273292
Girona,211,3894662,draw,0,16,0.919015864320601,11.093689969775905,0.6933556231109941,0.12709284627092846
Girona,211,3894567,win,1,16,0.9678428675061909,13.674219050085545,0.8546386906303466,0.1621923937360179
Girona,211,3894846,win,1,16,0.9301311941281437,11.616775531921567,0.7260484707450979,0.12691652470187392
Girona,211,3894874,draw,0,16,0.9340215328713859,11.50349449259286,0.7189684057870538,0.10330578512396695
Girona,211,3894630,win,1,15,0.9468037530360623,11.661995077243006,0.7774663384828671,0.14018691588785046
Girona,211,3894801,win,1,14,0.9464862572641921,11.035369064531105,0.7882406474665075,0.11610169491525424
Girona,211,3894864,win,1,14,0.9574165876058246,11.582241791848174,0.8273029851320125,0.17668269230769232
Girona,211,3894794,lost,0,13,0.9410758266636019,10.069291820489399,0.7745609092684153,0.1567717996289425
Girona,211,3894719,draw,0,15,0.9626399565604667,12.386137084927185,0.825742472328479,0.1504950495049505
Girona,211,3894579,win,1,16,0.9397983366675322,11.902998858040332,0.7439374286275208,0.12857142857142856
Girona,211,3894702,draw,0,16,0.928126459976879,11.466920003649427,0.7166825002280892,0.1233974358974359
Girona,211,3894831,lost,0,16,0.9412333051246089,12.018276376585112,0.7511422735365695,0.10498489425981873
Girona,211,3894575,win,1,16,0.9414019864597714,12.306936434251021,0.7691835271406888,0.15030674846625766
Girona,211,3894816,lost,0,14,0.9572893298317101,11.705831747982545,0.8361308391416103,0.16477272727272727
Girona,211,3894736,win,1,16,0.9420757909641623,12.09090768210759,0.7556817301317243,0.1388888888888889
Girona,211,3894534,draw,0,15,0.9611385822772697,12.499191110967605,0.8332794073978403,0.17067833698030635
Girona,211,3894891,win,1,16,0.9222000645079739,11.348800722858442,0.7093000451786526,0.10477657935285054
Girona,211,3894673,win,1,15,0.9238999285516145,10.860745647765281,0.7240497098510187,0.11719833564493759
Girona,211,3894711,win,1,15,0.9338557618609746,11.14850300647331,0.7432335337648873,0.13493530499075784
Girona,211,3894819,win,1,14,0.944005768133654,11.016884346379468,0.7869203104556763,0.12779552715654952
Girona,211,3894764,lost,0,15,0.9186897570275276,10.471977977275563,0.6981318651517042,0.10477941176470588
Girona,211,3894606,lost,0,16,0.9274354152995095,11.22260165410073,0.7014126033812956,0.132890365448505
Girona,211,3894651,win,1,15,0.9306317221222887,10.944589137952738,0.7296392758635158,0.13587921847246892
Athletic Club,215,3894776,win,1,16,0.9377136519554269,12.204366716543475,0.7627729197839672,0.20806451612903226
Athletic Club,215,3894728,win,1,16,0.9653056705300871,13.556588722554984,0.8472867951596865,0.26913265306122447
Athletic Club,215,3894561,draw,0,16,0.9648107663639743,13.472848255014176,0.842053015938386,0.18460111317254174
Athletic Club,215,3894849,lost,0,16,0.960346860628059,13.25084206924794,0.8281776293279962,0.12848297213622292
Athletic Club,215,3894744,draw,0,16,0.9723575210293236,13.73081483787927,0.8581759273674544,0.17123287671232876
Athletic Club,215,3894734,lost,0,16,0.9292194217675016,11.700682002590412,0.7312926251619007,0.14308426073131955
Athletic Club,215,3894553,win,1,16,0.9458083061911663,12.450496203561345,0.7781560127225841,0.21179039301310043
Athletic Club,215,3894546,win,1,15,0.9711619820211147,13.043284815588132,0.8695523210392088,0.23782234957020057
Athletic Club,215,3894589,draw,0,16,0.9330472362768569,11.605900207706133,0.7253687629816333,0.20161290322580644
Athletic Club,215,3894830,draw,0,15,0.9732335905485436,13.185777776758611,0.8790518517839074,0.16358595194085027
Athletic Club,215,3894636,draw,0,16,0.9606098236915496,13.205750086248663,0.8253593803905415,0.20121951219512196
Athletic Club,215,3894766,draw,0,16,0.9555320411143932,13.023790405528342,0.8139869003455213,0.18850987432675045
Athletic Club,215,3894604,lost,0,16,0.9695931055604373,13.569771539740396,0.8481107212337747,0.20352941176470588
Athletic Club,215,3894674,win,1,16,0.9478755437080875,12.622136937621569,0.7888835586013481,0.1725417439703154
Athletic Club,215,3894585,win,1,16,0.9509989696284411,12.575498342449551,0.7859686464030969,0.18198529411764705
Athletic Club,215,3894662,draw,0,15,0.9347462825174774,11.626982998505968,0.7751321999003978,0.17586206896551723
Athletic Club,215,3894700,win,1,16,0.9607846551853824,13.295050738696954,0.8309406711685596,0.23084479371316308
Athletic Club,215,3894899,win,1,16,0.9509608578062084,12.554314235094886,0.7846446396934303,0.2608695652173913
Athletic Club,215,3894814,win,1,16,0.9461225662667563,12.65227712679066,0.7907673204244162,0.17326732673267325
Athletic Club,215,3894686,win,1,16,0.9711686194828445,13.924983979652133,0.8703114987282583,0.22179732313575526
Athletic Club,215,3894625,lost,0,16,0.9694881659971818,13.819860355875159,0.8637412722421974,0.24152542372881355
Athletic Club,215,3894639,win,1,16,0.9602615020669424,13.274311394566613,0.8296444621604133,0.21678321678321677
Athletic Club,215,3894808,win,1,16,0.9562268904905368,13.088500678075311,0.818031292379707,0.3024054982817869
Athletic Club,215,3894821,lost,0,16,0.9715119298292504,13.81971354957143,0.8637320968482144,0.1670103092783505
Athletic Club,215,3894882,lost,0,16,0.9573053650435746,13.004849592450444,0.8128030995281528,0.17682926829268292
Athletic Club,215,3894712,win,1,16,0.9512851907749983,12.756215750916573,0.7972634844322858,0.2169811320754717
Athletic Club,215,3894691,win,1,15,0.9500430733580407,12.116776595486476,0.8077851063657651,0.21957040572792363
Athletic Club,215,3894569,win,1,16,0.9553362281717727,12.948104832551644,0.8092565520344778,0.22086466165413535
Athletic Club,215,3894657,win,1,15,0.9275076670364886,11.078450800925614,0.7385633867283743,0.18761384335154827
Athletic Club,215,3894898,win,1,16,0.9550877193216398,12.97030164175633,0.8106438526097707,0.15045871559633028
Athletic Club,215,3894870,draw,0,16,0.9635692240757496,13.416318249152733,0.8385198905720458,0.14644970414201183
Athletic Club,215,3894842,win,1,16,0.9676419226537791,13.49412086353538,0.8433825539709613,0.15781487101669195
Athletic Club,215,3894785,lost,0,16,0.9639082909181034,13.254207879812817,0.8283879924883011,0.20459518599562362
Athletic Club,215,3894756,win,1,16,0.9537829235885776,12.968563354564747,0.8105352096602967,0.1595197255574614
Athletic Club,215,3894538,lost,0,16,0.9644516072754068,13.189114501080878,0.8243196563175549,0.16247755834829444
Athletic Club,215,3894613,win,1,16,0.9464998708410574,12.77508844135448,0.798443027584655,0.17785843920145192
Athletic Club,215,3894790,draw,0,16,0.9718649086520997,13.88975446475084,0.8681096540469275,0.21776155717761558
Athletic Club,215,3894860,win,1,16,0.9646283192792335,13.57758206290071,0.8485988789312944,0.27611940298507465
Real Sociedad,210,3894728,lost,0,16,0.9626577978754506,13.269521570332634,0.8293450981457896,0.24257425742574257
Real Sociedad,210,3894825,win,1,15,0.9513516378530829,11.828910508222668,0.7885940338815112,0.18076923076923077
Real Sociedad,210,3894758,draw,0,14,0.9681471349832708,12.21362146970154,0.87240153355011,0.16416309012875535
Real Sociedad,210,3894872,lost,0,16,0.9524922401150405,12.785578145237285,0.7990986340773303,0.13550420168067226
Real Sociedad,210,3894633,draw,0,15,0.957633532808292,12.339890172430144,0.8226593448286762,0.22900763358778625
Real Sociedad,210,3894840,draw,0,16,0.9514361731836071,12.56072694018749,0.7850454337617181,0.1859504132231405
Real Sociedad,210,3894618,lost,0,15,0.9438909799837157,11.762634924609651,0.7841756616406435,0.129783693843594
Real Sociedad,210,3894604,win,1,16,0.9593967778023887,13.24010602539056,0.82750662658691,0.21724137931034482
Real Sociedad,210,3894835,draw,0,15,0.9507215574138138,11.993180940876401,0.7995453960584268,0.18696581196581197
Real Sociedad,210,3894703,draw,0,16,0.9328362551379356,11.84408220086965,0.7402551375543531,0.18854166666666666
Real Sociedad,210,3894578,lost,0,15,0.9500830438067785,11.838550676053028,0.7892367117368686,0.12427745664739884
Real Sociedad,210,3894765,lost,0,16,0.95416207259443,12.719039876973973,0.7949399923108733,0.15659777424483307
Real Sociedad,210,3894895,win,1,16,0.9593601182188018,12.991962418500849,0.8119976511563031,0.22727272727272727
Real Sociedad,210,3894715,draw,0,16,0.9430007185866123,12.604379192062193,0.7877736995038871,0.2181372549019608
Real Sociedad,210,3894696,draw,0,16,0.9432088437522678,12.317466639184005,0.7698416649490003,0.13518518518518519
Real Sociedad,210,3894559,win,1,16,0.9423676406825646,12.304609077016066,0.7690380673135041,0.15570934256055363
Real Sociedad,210,3894672,draw,0,15,0.9345428296366075,11.427123368946072,0.7618082245964047,0.14045801526717558
Real Sociedad,210,3894596,win,1,16,0.9767944297635135,14.135453451459343,0.8834658407162089,0.1325581395348837
Real Sociedad,210,3894781,lost,0,16,0.9287131302161431,11.387863032520215,0.7117414395325135,0.12830482115085537
Real Sociedad,210,3894747,draw,0,16,0.9481177040523177,12.568146028234533,0.7855091267646583,0.2144469525959368
Real Sociedad,210,3894583,win,1,16,0.9673699329220226,13.56371115215582,0.8477319470097388,0.16601178781925344
Real Sociedad,210,3894622,win,1,16,0.9546073167167001,12.937581668224006,0.8085988542640004,0.20960187353629978
Real Sociedad,210,3894688,win,1,15,0.9547368933317603,12.232363718418164,0.8154909145612109,0.1647982062780269
Real Sociedad,210,3894908,lost,0,16,0.9144755747108683,11.040902839992105,0.6900564274995066,0.125
Real Sociedad,210,3894735,win,1,16,0.969678342583354,13.76363109199152,0.86022694324947,0.1910891089108911
Real Sociedad,210,3894796,lost,0,16,0.9498096720307251,12.698425778802694,0.7936516111751684,0.1723826714801444
Real Sociedad,210,3894866,win,1,16,0.9430961385484652,12.294389125722999,0.7683993203576874,0.14313346228239845
Real Sociedad,210,3894665,draw,0,16,0.9455207480917891,12.4330758374933,0.7770672398433313,0.2203579418344519
Real Sociedad,210,3894551,draw,0,15,0.9537947747075466,12.156837732632393,0.8104558488421596,0.18329718004338394
Real Sociedad,210,3894641,lost,0,14,0.9583676993932769,11.754196931919587,0.8395854951371133,0.20112359550561798
Real Sociedad,210,3894544,draw,0,15,0.9498867600680769,11.939532831767725,0.7959688554511817,0.2041036717062635
Real Sociedad,210,3894800,win,1,15,0.9386080707456491,11.34532985367392,0.7563553235782614,0.1896551724137931
Real Sociedad,210,3894534,draw,0,16,0.9637224175040892,13.32498120680262,0.8328113254251638,0.173444976076555
Real Sociedad,210,3894778,win,1,15,0.9444755144374509,11.714924114564294,0.7809949409709529,0.17580340264650285
Real Sociedad,210,3894658,win,1,16,0.9749077784923588,14.163500957368148,0.8852188098355093,0.2422279792746114
Real Sociedad,210,3894881,win,1,16,0.9525426897173127,12.902969326561191,0.8064355829100744,0.14974182444061962
Real Sociedad,210,3894852,lost,0,15,0.9539874302629847,12.215879378448388,0.8143919585632259,0.13807890222984562
Real Sociedad,210,3894810,win,1,16,0.9368747507949331,11.848788430713942,0.7405492769196214,0.1624
Mallorca,1043,3894561,draw,0,15,0.9638343477165116,12.378817101810837,0.8252544734540558,0.29464285714285715
Mallorca,1043,3894690,draw,0,16,0.9536238340150044,12.81017072286996,0.8006356701793725,0.265625
Mallorca,1043,3894721,draw,0,15,0.950652991630995,12.172602246254783,0.8115068164169855,0.20729166666666668
Mallorca,1043,3894893,draw,0,16,0.970817062621866,13.847210009772745,0.8654506256107966,0.17427385892116182
Mallorca,1043,3894646,lost,0,16,0.9698363242583891,13.753941634984775,0.8596213521865484,0.20175438596491227
Mallorca,1043,3894859,lost,0,16,0.9358200253337078,11.77109794794596,0.7356936217466225,0.147008547008547
Mallorca,1043,3894845,lost,0,16,0.9528569871554697,12.786459923802534,0.7991537452376584,0.16191446028513237
Mallorca,1043,3894571,win,1,14,0.9561192332139715,11.339712191346704,0.8099794422390503,0.21558441558441557
Mallorca,1043,3894653,draw,0,16,0.9584931913991687,12.848542618001202,0.8030339136250751,0.22081712062256809
Mallorca,1043,3894683,win,1,16,0.9735430627673697,13.833618463414705,0.8646011539634191,0.27794561933534745
Mallorca,1043,3894659,lost,0,16,0.957795363153989,12.91061044639785,0.8069131528998656,0.23323615160349853
Mallorca,1043,3894540,lost,0,16,0.9563401573917707,13.055392776905073,0.8159620485565671,0.1937669376693767
Mallorca,1043,3894784,draw,0,16,0.9506359270944492,12.761374418889645,0.7975859011806028,0.21541950113378686
Mallorca,1043,3894593,draw,0,16,0.9523541592903733,12.566625404612235,0.7854140877882647,0.3202247191011236
Mallorca,1043,3894602,draw,0,15,0.9556735284016376,12.481980220368536,0.8321320146912358,0.24
Mallorca,1043,3894794,win,1,16,0.9563794149467086,12.717209790798742,0.7948256119249214,0.23407202216066483
Mallorca,1043,3894856,win,1,16,0.9644644241595578,13.593578111971407,0.849598631998213,0.2480916030534351
Mallorca,1043,3894878,win,1,14,0.9465535658012706,11.15686101071752,0.7969186436226801,0.20984455958549222
Mallorca,1043,3894813,win,1,16,0.961751473373445,13.242184939868114,0.8276365587417571,0.2242562929061785
Mallorca,1043,3894622,lost,0,16,0.959982057482641,13.110966222048754,0.8194353888780471,0.26576576576576577
Mallorca,1043,3894730,draw,0,16,0.9639708827459822,13.39037010397489,0.8368981314984306,0.2205240174672489
Mallorca,1043,3894579,lost,0,16,0.9764575264501734,14.15569989170678,0.8847312432316737,0.15393258426966291
Mallorca,1043,3894717,lost,0,16,0.9598187663588605,13.250283197506288,0.828142699844143,0.24063400576368876
Mallorca,1043,3894828,draw,0,16,0.9617807913870459,13.249454460899278,0.8280909038062049,0.188470066518847
Mallorca,1043,3894532,draw,0,16,0.974777539125047,14.168990122952971,0.8855618826845607,0.24013157894736842
Mallorca,1043,3894669,draw,0,16,0.9569511137675355,13.026511492684529,0.8141569682927831,0.19060283687943264
Mallorca,1043,3894803,lost,0,16,0.9674217909501587,13.874698243757312,0.867168640234832,0.24074074074074073
Mallorca,1043,3894745,lost,0,16,0.9637461216348902,13.286252770473153,0.8303907981545721,0.15625
Mallorca,1043,3894552,lost,0,16,0.9596909955145876,13.172636384496371,0.8232897740310232,0.18604651162790697
Mallorca,1043,3894887,draw,0,16,0.9454846299855927,12.673562514427376,0.792097657151711,0.20346320346320346
Mallorca,1043,3894638,draw,0,16,0.9491997405253467,12.620778768522076,0.7887986730326297,0.240990990990991
Mallorca,1043,3894616,draw,0,16,0.9757259105882723,14.136755146869708,0.8835471966793568,0.20103092783505155
Mallorca,1043,3894704,win,1,16,0.9391769686921434,12.459977303219652,0.7787485814512283,0.2969613259668508
Mallorca,1043,3894768,win,1,16,0.9711001722865276,13.864042077282841,0.8665026298301776,0.26674107142857145
Mallorca,1043,3894832,lost,0,16,0.9594199067385011,13.298273247576864,0.831142077973554,0.1744186046511628
Mallorca,1043,3894778,lost,0,15,0.9314405996684729,11.11309786038572,0.7408731906923813,0.33203125
Mallorca,1043,3894756,lost,0,16,0.9652723644209612,13.348469019519541,0.8342793137199713,0.2452316076294278
Mallorca,1043,3894902,win,1,16,0.9625629170371635,13.194522858384,0.824657678649,0.1867881548974943
Real Betis,218,3894855,draw,0,15,0.9451347612240897,11.483773976197869,0.7655849317465245,0.17253521126760563
Real Betis,218,3894553,lost,0,16,0.9641553065423405,13.423171724881383,0.8389482328050865,0.16332665330661322
Real Betis,218,3894802,draw,0,16,0.9682122324834873,13.692473875767707,0.8557796172354817,0.1583629893238434
Real Betis,218,3894646,win,1,15,0.9555451487626889,11.990318614519213,0.7993545743012809,0.14757281553398058
Real Betis,218,3894668,win,1,16,0.965653794198327,13.284257267922206,0.8302660792451378,0.2036613272311213
Real Betis,218,3894599,win,1,16,0.9577909323145763,13.20962078447725,0.8256012990298282,0.1485981308411215
Real Betis,218,3894564,win,1,16,0.9591578481025156,13.042697605918947,0.8151686003699342,0.15048543689320387
Real Betis,218,3894732,lost,0,14,0.9612802631642269,11.632257723159382,0.8308755516542415,0.21052631578947367
Real Betis,218,3894620,draw,0,15,0.9666440583385607,12.517481633940738,0.8344987755960492,0.2086021505376344
Real Betis,218,3894791,draw,0,16,0.9620934705890404,13.349337924700082,0.8343336202937551,0.15144596651445966
Real Betis,218,3894572,lost,0,16,0.9689808181822159,13.784125608715888,0.861507850544743,0.16307277628032346
Real Betis,218,3894895,lost,0,15,0.9605560074853746,12.502289962038155,0.8334859974692104,0.14904552129221732
Real Betis,218,3894709,lost,0,15,0.9526371252067614,12.032412172244658,0.8021608114829772,0.15703971119133575
Real Betis,218,3894696,draw,0,14,0.9685868710169536,12.073475222570112,0.8623910873264365,0.20833333333333334
Real Betis,218,3894757,draw,0,16,0.9611117818506777,13.184325841793127,0.8240203651120704,0.23116089613034624
Real Betis,218,3894535,win,1,16,0.9631504688516747,13.38065682997252,0.8362910518732825,0.20985915492957746
Real Betis,218,3894545,draw,0,15,0.9419229760820621,11.677665571414614,0.7785110380943077,0.13091216216216217
Real Betis,218,3894906,draw,0,13,0.9506054591486383,10.600745419419933,0.8154419553399949,0.1427038626609442
Real Betis,218,3894885,lost,0,16,0.9708911860359225,13.842119201966577,0.8651324501229111,0.21739130434782608
Real Betis,218,3894681,draw,0,14,0.9598293566295096,11.373492654021248,0.8123923324300891,0.17117117117117117
Real Betis,218,3894702,draw,0,16,0.9664757852278014,13.824675758097314,0.8640422348810821,0.1509090909090909
Real Betis,218,3894772,draw,0,14,0.9466056778356744,11.161797155097023,0.7972712253640731,0.16787658802177857
Real Betis,218,3894675,draw,0,15,0.932130939768641,10.75957495377052,0.7173049969180346,0.311046511627907
Real Betis,218,3894725,win,1,14,0.9592930285978339,11.666926366967802,0.833351883354843,0.18839103869653767
Real Betis,218,3894588,draw,0,16,0.956024601900352,12.722709103134209,0.795169318945888,0.13143382352941177
Real Betis,218,3894762,win,1,16,0.9566177634826543,12.969768838841564,0.8106105524275977,0.13565891472868216
Real Betis,218,3894594,draw,0,16,0.961393450655667,13.163985139910457,0.8227490712444036,0.1568627450980392
Real Betis,218,3894838,win,1,16,0.9499534968931199,12.634702906680022,0.7896689316675014,0.16972477064220184
Real Betis,218,3894745,win,1,15,0.9550378459419618,12.04751618325317,0.8031677455502114,0.16297786720321933
Real Betis,218,3894615,win,1,16,0.9362761059950747,12.014655061453883,0.7509159413408677,0.14848993288590603
Real Betis,218,3894809,lost,0,16,0.9688053625722091,13.725338077231406,0.8578336298269629,0.2452290076335878
Real Betis,218,3894865,win,1,16,0.9604290882416218,13.175335329936239,0.8234584581210149,0.14234234234234233
Real Betis,218,3894654,draw,0,14,0.9585194757906003,11.470818973483405,0.8193442123916718,0.25075528700906347
Real Betis,218,3894631,win,1,15,0.9563032729082827,12.24015966856694,0.8160106445711294,0.22257383966244726
Real Betis,218,3894785,win,1,15,0.9682840288946502,12.892428666846385,0.8594952444564257,0.14119601328903655
Real Betis,218,3894875,win,1,16,0.9475710776496655,12.432481625126275,0.7770301015703922,0.17363636363636364
Real Betis,218,3894847,win,1,14,0.9525757260353854,11.361414161492247,0.8115295829637319,0.22417840375586853
Real Betis,218,3894819,lost,0,16,0.9395020170125071,11.937993757312878,0.7461246098320549,0.1695095948827292
Atlético Madrid,212,3894849,win,1,15,0.9486617170865279,12.169677898327091,0.8113118598884728,0.15762004175365343
Atlético Madrid,212,3894839,lost,0,16,0.9542596008679933,12.890818505125782,0.8056761565703614,0.1523972602739726
Atlético Madrid,212,3894656,win,1,16,0.9380280313766571,11.838893604452018,0.7399308502782511,0.12335526315789473
Atlético Madrid,212,3894608,win,1,15,0.948880514918081,11.884515935987313,0.7923010623991542,0.11609498680738786
Atlético Madrid,212,3894685,win,1,16,0.9602878603508467,13.201284755012912,0.825080297188307,0.15217391304347827
Atlético Madrid,212,3894859,win,1,15,0.9555900776826504,12.310117119286389,0.8206744746190926,0.17926829268292682
Atlético Madrid,212,3894807,lost,0,16,0.9487791933036904,12.406519998566463,0.7754074999104039,0.17326732673267325
Atlético Madrid,212,3894618,win,1,14,0.951244435516069,11.320278389992403,0.8085913135708859,0.2200557103064067
Atlético Madrid,212,3894820,win,1,16,0.9577099601276066,12.501097278530729,0.7813185799081706,0.16535433070866143
Atlético Madrid,212,3894883,win,1,16,0.9353460831168712,12.002073189751478,0.7501295743594674,0.10927152317880795
Atlético Madrid,212,3894791,draw,0,15,0.9633466101830864,12.668938584927483,0.8445959056618322,0.17954070981210857
Atlético Madrid,212,3894549,win,1,16,0.9574414700710187,13.215774495591214,0.8259859059744509,0.2421686746987952
Atlético Madrid,212,3894659,win,1,16,0.9457902015910367,12.378575106545838,0.7736609441591149,0.1300287356321839
Atlético Madrid,212,3894727,win,1,16,0.975381117222633,13.951198137900958,0.8719498836188099,0.17354596622889307
Atlético Madrid,212,3894635,win,1,16,0.9307622672570393,11.383742321510379,0.7114838950943987,0.0933075933075933
Atlético Madrid,212,3894529,win,1,16,0.947068941774927,12.574796018081978,0.7859247511301236,0.1777301927194861
Atlético Madrid,212,3894640,lost,0,16,0.9632977915905441,13.351611227852421,0.8344757017407763,0.17570093457943925
Atlético Madrid,212,3894871,win,1,16,0.947997097961238,12.324410734586213,0.7702756709116383,0.12038404726735598
Atlético Madrid,212,3894545,draw,0,16,0.9701643244611817,13.753105132419211,0.8595690707762007,0.1417910447761194
Atlético Madrid,212,3894740,win,1,16,0.9243277096425917,11.325238874923308,0.7078274296827067,0.10708782742681047
Atlético Madrid,212,3894565,win,1,16,0.9458286539277944,12.248638119101434,0.7655398824438396,0.14700374531835206
Atlético Madrid,212,3894908,win,1,16,0.948446105339193,12.879709097286712,0.8049818185804195,0.16666666666666666
Atlético Madrid,212,3894897,lost,0,16,0.9513225125607089,12.616806149233486,0.7885503843270929,0.12686567164179105
Atlético Madrid,212,3894786,draw,0,16,0.9482900834356099,12.571866389868143,0.7857416493667589,0.15609348914858096
Atlético Madrid,212,3894619,win,1,16,0.9335246626845415,11.125043893047144,0.6953152433154465,0.0812807881773399
Atlético Madrid,212,3894831,win,1,16,0.9200475114417113,10.663394975201157,0.6664621859500723,0.1524122807017544
Atlético Madrid,212,3894670,lost,0,16,0.9609520977688781,13.168746501106305,0.8230466563191441,0.14484978540772533
Atlético Madrid,212,3894691,lost,0,16,0.9501666646362118,12.358611775255007,0.7724132359534379,0.15140324963072377
Atlético Madrid,212,3894581,win,1,16,0.9512740839374216,12.778532906459159,0.7986583066536974,0.1649616368286445
Atlético Madrid,212,3894777,win,1,16,0.9723088782670573,13.914715764589241,0.8696697352868276,0.23994638069705093
Atlético Madrid,212,3894815,lost,0,16,0.9697175191854727,13.633745999962107,0.8521091249976317,0.2035623409669211
Atlético Madrid,212,3894753,draw,0,16,0.9460807650730935,12.311750837843203,0.7694844273652002,0.11418685121107267
Atlético Madrid,212,3894761,lost,0,16,0.9424047564105155,12.053683053248095,0.753355190828006,0.13676470588235295
Atlético Madrid,212,3894711,lost,0,16,0.9350758879639492,11.888859502768495,0.743053718923031,0.15079365079365079
Atlético Madrid,212,3894576,lost,0,16,0.9631458752304867,13.222429487813162,0.8264018429883226,0.14261744966442952
Atlético Madrid,212,3894592,win,1,13,0.9694903609146397,11.142306264239348,0.8571004818645652,0.1699134199134199
Atlético Madrid,212,3894701,draw,0,15,0.9326043424638842,10.85306459201258,0.7235376394675053,0.20023980815347722
Atlético Madrid,212,3894733,win,1,16,0.9344694235714776,11.83980990391603,0.7399881189947519,0.1321626617375231
Villarreal,222,3894656,lost,0,15,0.9388789115392409,11.596644984394844,0.773109665626323,0.10180623973727422
Villarreal,222,3894797,win,1,16,0.9484579156218002,12.3703561906818,0.7731472619176125,0.16919739696312364
Villarreal,222,3894802,draw,0,16,0.9602962246804896,13.116114408983314,0.8197571505614571,0.15231092436974789
Villarreal,222,3894595,lost,0,16,0.9628070986936631,13.231376836929453,0.8269610523080908,0.15107212475633527
Villarreal,222,3894830,draw,0,14,0.973865439205436,12.28746957952772,0.8776763985376943,0.18333333333333332
Villarreal,222,3894671,draw,0,15,0.9528932083824597,11.967069066695121,0.7978046044463414,0.12933025404157045
Villarreal,222,3894754,draw,0,15,0.9566772000285846,12.258217052867753,0.8172144701911835,0.1781609195402299
Villarreal,222,3894877,win,1,15,0.934032504935845,11.129172678064313,0.7419448452042875,0.14705882352941177
Villarreal,222,3894820,lost,0,16,0.9419232578366725,12.243481438493664,0.765217589905854,0.14285714285714285
Villarreal,222,3894812,win,1,16,0.9585633199536912,13.170980400339246,0.8231862750212029,0.17519685039370078
Villarreal,222,3894862,lost,0,16,0.9532059032148659,12.704029485484714,0.7940018428427946,0.13518518518518519
Villarreal,222,3894741,win,1,16,0.9490022032916668,12.378356302077593,0.7736472688798496,0.275
Villarreal,222,3894586,draw,0,14,0.9403252300588849,10.725500723616959,0.7661071945440685,0.147117296222664
Villarreal,222,3894770,draw,0,16,0.9492461365977053,12.746391957293676,0.7966494973308548,0.20799180327868852
Villarreal,222,3894880,win,1,16,0.9570306647176838,13.1599949974316,0.822499687339475,0.16909975669099755
Villarreal,222,3894607,draw,0,15,0.9459776757622903,11.299469320916323,0.7532979547277548,0.2840909090909091
Villarreal,222,3894540,win,1,16,0.9593780060586112,13.053422200772989,0.8158388875483118,0.11702127659574468
Villarreal,222,3894890,draw,0,16,0.9812077767182471,14.433519889775496,0.9020949931109685,0.13
Villarreal,222,3894760,draw,0,15,0.9491222282036543,12.035070019329133,0.8023380012886089,0.19002695417789758
Villarreal,222,3894577,win,1,16,0.9612478001544629,13.175557008489543,0.8234723130305964,0.14074074074074075
Villarreal,222,3894722,lost,0,16,0.9690886388171983,13.502990320692499,0.8439368950432812,0.1631130063965885
Villarreal,222,3894781,win,1,16,0.9533870250267226,12.636274964606702,0.7897671852879189,0.2313167259786477
Villarreal,222,3894535,lost,0,15,0.9564429119175943,12.27331884790328,0.8182212565268853,0.13480392156862744
Villarreal,222,3894639,lost,0,16,0.9671823641053016,13.60930983808814,0.8505818648805088,0.1513840830449827
Villarreal,222,3894730,draw,0,14,0.9474339420465763,11.215709896612507,0.8011221354723219,0.1963519313304721
Villarreal,222,3894851,win,1,16,0.9544801677591944,12.878752511573484,0.8049220319733428,0.15582959641255606
Villarreal,222,3894688,lost,0,15,0.9388520159161546,11.500590130517091,0.7667060087011394,0.1882716049382716
Villarreal,222,3894694,lost,0,16,0.9406404108497837,12.01812155949884,0.7511325974686776,0.14888888888888888
Villarreal,222,3894632,win,1,16,0.9578163321380843,13.03100200796159,0.8144376254975993,0.14722222222222223
Villarreal,222,3894848,win,1,16,0.9762098865748358,14.097092536122542,0.8810682835076589,0.1717948717948718
Villarreal,222,3894609,lost,0,16,0.967283551845075,13.371615756523635,0.8357259847827272,0.17207792207792208
Villarreal,222,3894904,draw,0,15,0.9556265152883915,12.35897414702245,0.8239316098014966,0.13289962825278812
Villarreal,222,3894707,win,1,16,0.9521088613052071,12.876581049551865,0.8047863155969915,0.16216216216216217
Villarreal,222,3894563,lost,0,16,0.9318213859947561,11.811092721703538,0.7381932951064711,0.16666666666666666
Villarreal,222,3894666,win,1,16,0.9549020122044009,12.95910295194688,0.80994393449668,0.13762376237623763
Villarreal,222,3894558,lost,0,16,0.96767231279193,13.737003762909064,0.8585627351818165,0.14199029126213591
Villarreal,222,3894628,draw,0,16,0.9686305637088599,13.687846637136214,0.8554904148210134,0.1310452418096724
Villarreal,222,3894714,lost,0,16,0.9243155371449052,11.463148180461076,0.7164467612788172,0.13992537313432835
Celta Vigo,209,3894580,lost,0,15,0.9379838402354591,11.098508567808857,0.7399005711872572,0.2305194805194805
Celta Vigo,209,3894678,draw,0,15,0.950807005831443,12.065273348422641,0.8043515565615095,0.16040688575899845
Celta Vigo,209,3894721,draw,0,14,0.9392827598138723,10.672799923665837,0.7623428516904169,0.2329700272479564
Celta Vigo,209,3894763,lost,0,16,0.9517732725968838,12.608496201544295,0.7880310125965184,0.24312896405919662
Celta Vigo,209,3894571,lost,0,15,0.9548823714649731,12.21897300871507,0.8145982005810046,0.1830122591943958
Celta Vigo,209,3894862,win,1,16,0.9515280678167193,12.55572031965728,0.78473251997858,0.09394904458598727
Celta Vigo,209,3894742,lost,0,15,0.9587243568871369,12.213589367241894,0.8142392911494596,0.220763723150358
Celta Vigo,209,3894811,win,1,16,0.9444060921323791,12.211936626428026,0.7632460391517516,0.12099125364431487
Celta Vigo,209,3894709,win,1,15,0.9594232575032071,12.372754085047754,0.824850272336517,0.21236559139784947
Celta Vigo,209,3894530,lost,0,16,0.9484193685202246,12.602371056275308,0.7876481910172067,0.177734375
Celta Vigo,209,3894630,lost,0,13,0.9726922124675249,11.508867266914686,0.8852974820703605,0.21120689655172414
Celta Vigo,209,3894871,lost,0,15,0.9280889070295818,11.104466908338024,0.7402977938892016,0.14458955223880596
Celta Vigo,209,3894788,draw,0,15,0.9453983440987679,11.678407387986567,0.7785604925324379,0.33695652173913043
Celta Vigo,209,3894617,draw,0,15,0.9454719500432345,11.809982105491205,0.7873321403660803,0.1491628614916286
Celta Vigo,209,3894901,win,1,16,0.9655046688781305,13.353552759738527,0.8345970474836579,0.14130434782608695
Celta Vigo,209,3894598,lost,0,15,0.9578748283529528,12.262048435707838,0.8174698957138559,0.17647058823529413
Celta Vigo,209,3894660,draw,0,16,0.9389412991014213,12.262812685365923,0.7664257928353702,0.2611241217798595
Celta Vigo,209,3894882,win,1,16,0.9576544316740715,13.10805142332124,0.8192532139575776,0.15377697841726617
Celta Vigo,209,3894858,lost,0,16,0.9498276671757023,12.419684973223246,0.7762303108264529,0.142226148409894
Celta Vigo,209,3894755,win,1,14,0.9182571450412397,9.64722762696728,0.6890876876405201,0.2957516339869281
Celta Vigo,209,3894647,draw,0,16,0.9485378837288018,12.715158795586696,0.7946974247241685,0.2159383033419023
Celta Vigo,209,3894619,lost,0,16,0.9396806037942022,12.073327823199941,0.7545829889499963,0.16083150984682712
Celta Vigo,209,3894806,lost,0,16,0.9563653169895147,13.021792578866997,0.8138620361791873,0.16789215686274508
Celta Vigo,209,3894841,win,1,16,0.9396896894476274,12.070595127757448,0.7544121954848405,0.1942257217847769
Celta Vigo,209,3894892,win,1,16,0.948231218909899,12.522540897465785,0.7826588060916115,0.16359918200409
Celta Vigo,209,3894735,lost,0,16,0.9644976158742726,13.283750765893865,0.8302344228683666,0.23183760683760685
Celta Vigo,209,3894657,lost,0,13,0.9548791376770966,10.84342758471833,0.8341098142091024,0.21012658227848102
Celta Vigo,209,3894838,lost,0,16,0.9352055928495299,11.906259903723411,0.7441412439827132,0.14319620253164558
Celta Vigo,209,3894707,lost,0,16,0.9655287975209648,13.32333183652065,0.8327082397825406,0.17783985102420857
Celta Vigo,209,3894827,draw,0,16,0.9598369497802194,13.286572879421696,0.830410804963856,0.13414634146341464
Celta Vigo,209,3894789,win,1,15,0.9504898068297805,11.945125648592727,0.7963417099061818,0.13358778625954199
Celta Vigo,209,3894774,lost,0,16,0.935902941183204,11.780131681339347,0.7362582300837092,0.2591623036649215
Celta Vigo,209,3894687,draw,0,15,0.9668679997861048,12.772055092859631,0.8514703395239754,0.2275064267352185
Celta Vigo,209,3894692,win,1,14,0.9491857648421136,11.062536211803247,0.7901811579859462,0.27958579881656803
Celta Vigo,209,3894544,draw,0,15,0.9609609984460465,12.536322879005722,0.8357548586003815,0.23391089108910892
Celta Vigo,209,3894603,lost,0,14,0.9599577810214912,11.654667055215208,0.8324762182296578,0.2791519434628975
Celta Vigo,209,3894566,win,1,14,0.9426169800588728,11.056418278149168,0.7897441627249406,0.18797953964194372
Celta Vigo,209,3894554,lost,0,14,0.9563942647904667,11.640693268132903,0.8314780905809217,0.21119592875318066
Valencia,207,3894734,win,1,15,0.9545969828976624,12.26695086957402,0.8177967246382679,0.23803827751196172
Valencia,207,3894782,win,1,15,0.9682185871455617,13.006969008033007,0.8671312672022005,0.2535612535612536
Valencia,207,3894724,win,1,16,0.9450437968837091,12.077896702060972,0.7548685438788107,0.2857142857142857
Valencia,207,3894636,draw,0,15,0.9471420780152817,11.970143176611588,0.7980095451074392,0.21678321678321677
Valencia,207,3894695,draw,0,15,0.9330217505743614,11.311089309142018,0.7540726206094679,0.2646239554317549
Valencia,207,3894599,lost,0,16,0.9696675972894738,13.826248420187017,0.8641405262616886,0.1842696629213483
Valencia,207,3894812,lost,0,16,0.9600457243379006,12.935172949329242,0.8084483093330777,0.19696969696969696
Valencia,207,3894556,lost,0,15,0.9583042030506134,12.292837355645084,0.819522490376339,0.1777583187390543
Valencia,207,3894539,win,1,16,0.946234542372073,12.384194764845503,0.774012172802844,0.21534653465346534
Valencia,207,3894645,win,1,15,0.9373742789600257,11.49233628994968,0.766155752663312,0.20495495495495494
Valencia,207,3894833,win,1,15,0.930560766431686,11.226284844856295,0.7484189896570863,0.27391304347826084
Valencia,207,3894752,win,1,15,0.9530497377374864,12.029411516481373,0.8019607677654249,0.19285714285714287
Valencia,207,3894596,lost,0,15,0.9619760479043182,12.284981096136748,0.8189987397424499,0.23237597911227154
Valencia,207,3894655,lost,0,16,0.9671821431277562,13.521797573942736,0.845112348371421,0.15625
Valencia,207,3894562,draw,0,16,0.9473122744636242,12.195221862806369,0.762201366425398,0.16318785578747627
Valencia,207,3894705,win,1,15,0.9505258887820046,11.986336446913404,0.7990890964608935,0.24393530997304583
Valencia,207,3894901,lost,0,16,0.938680893689958,12.008679378718357,0.7505424611698973,0.17553191489361702
Valencia,207,3894863,lost,0,16,0.9527216663985427,12.572909583912182,0.7858068489945114,0.2127659574468085
Valencia,207,3894740,lost,0,15,0.9262048402095152,10.705779299790933,0.7137186199860622,0.15384615384615385
Valencia,207,3894660,draw,0,16,0.9389176441663204,11.945362731941938,0.7465851707463711,0.1880907372400756
Valencia,207,3894828,draw,0,16,0.9475535559184021,12.501067016778999,0.7813166885486874,0.18147448015122875
Valencia,207,3894876,draw,0,15,0.9432671862049753,11.456327135391962,0.7637551423594642,0.23702830188679244
Valencia,207,3894679,lost,0,15,0.946800837807851,11.887060237080256,0.792470682472017,0.37244897959183676
Valencia,207,3894854,lost,0,16,0.9566179839066201,12.946578430812059,0.8091611519257537,0.33910891089108913
Valencia,207,3894759,lost,0,15,0.9646572007854403,12.73998841078693,0.8493325607191287,0.3091216216216216
Valencia,207,3894616,draw,0,15,0.9503084936472128,12.159378064748152,0.8106252043165435,0.21734892787524365
Valencia,207,3894795,draw,0,15,0.9506465751363012,11.983320342760065,0.798888022850671,0.23668639053254437
Valencia,207,3894582,draw,0,14,0.9574792978235453,11.503598656039035,0.8216856182885025,0.21428571428571427
Valencia,207,3894891,lost,0,16,0.9535544706180781,12.650743666393332,0.7906714791495832,0.15463917525773196
Valencia,207,3894673,lost,0,15,0.9458325780428797,11.875341088593514,0.7916894059062343,0.296
Valencia,207,3894576,win,1,16,0.9545119633016655,13.033290730264769,0.814580670641548,0.2369146005509642
Valencia,207,3894531,win,1,15,0.937478096350148,11.361387892365695,0.7574258594910463,0.2603626943005181
Valencia,207,3894805,win,1,16,0.9499619184246374,12.806340357374882,0.8003962723359301,0.22988505747126436
Valencia,207,3894847,lost,0,16,0.9652016397653849,13.305217622743953,0.8315761014214971,0.18227091633466136
Valencia,207,3894714,win,1,16,0.9301266941566118,11.809708180580593,0.738106761286287,0.18191964285714285
Valencia,207,3894771,draw,0,15,0.9281329210424673,11.092552765489177,0.7395035176992785,0.1426332288401254
Valencia,207,3894881,lost,0,16,0.9513989500542052,12.585174140826016,0.786573383801626,0.2072892938496583
Valencia,207,3894621,win,1,14,0.9424457486885242,10.922249014622869,0.7801606439016335,0.11904761904761904
Las Palmas,208,3894905,draw,0,16,0.9526907997460922,12.646070708751568,0.790379419296973,0.1351590106007067
Las Palmas,208,3894574,lost,0,16,0.9602636108746296,12.889600880897747,0.8056000550561092,0.1926782273603083
Las Palmas,208,3894668,lost,0,16,0.9490309877504731,12.287383448044338,0.7679614655027711,0.13402061855670103
Las Palmas,208,3894850,lost,0,16,0.95099404409112,12.384820542933939,0.7740512839333712,0.13388804841149773
Las Palmas,208,3894792,draw,0,16,0.9538877291700764,12.753472069690822,0.7970920043556764,0.13245492371705964
Las Palmas,208,3894650,draw,0,15,0.968068677566333,12.609048249353583,0.8406032166235722,0.17901234567901234
Las Palmas,208,3894539,lost,0,16,0.9449477265703209,12.22060358489722,0.7637877240560762,0.11687306501547988
Las Palmas,208,3894700,lost,0,13,0.9790812857725254,11.892619864932108,0.9148169126870852,0.21875
Las Palmas,208,3894567,lost,0,16,0.9619392582898536,13.242963247585855,0.827685202974116,0.1531791907514451
Las Palmas,208,3894823,lost,0,16,0.9541417610414846,12.707247149529813,0.7942029468456133,0.2541899441340782
Las Palmas,208,3894818,lost,0,16,0.9637259672301937,13.350359123454458,0.8343974452159036,0.13318112633181126
Las Palmas,208,3894889,draw,0,16,0.9413050842187197,12.067622118192688,0.754226382387043,0.1996124031007752
Las Palmas,208,3894710,lost,0,15,0.9545450462220717,12.0574376104078,0.8038291740271866,0.16117647058823528
Las Palmas,208,3894722,win,1,16,0.9508536392186309,12.671172269955779,0.7919482668722362,0.13922942206654992
Las Palmas,208,3894640,win,1,15,0.9550415603971406,12.032319887291543,0.8021546591527695,0.1543103448275862
Las Palmas,208,3894808,lost,0,16,0.9396197638419436,12.171302195730197,0.7607063872331373,0.14992826398852224
Las Palmas,208,3894885,win,1,14,0.9691178101916261,12.024514943618616,0.8588939245441869,0.17164179104477612
Las Palmas,208,3894878,lost,0,16,0.9462016095200954,12.051107424668487,0.7531942140417804,0.15605749486652978
Las Palmas,208,3894584,win,1,16,0.9441777826967812,12.497436705397568,0.781089794087348,0.17266949152542374
Las Palmas,208,3894834,lost,0,15,0.9252137011802564,10.851180366894967,0.7234120244596645,0.10305343511450382
Las Palmas,208,3894637,win,1,15,0.9529565332311682,11.769243969833607,0.7846162646555738,0.15
Las Palmas,208,3894532,draw,0,14,0.9515324658564984,11.203818734318691,0.8002727667370494,0.11825396825396825
Las Palmas,208,3894841,lost,0,16,0.9556709992069604,12.674539093225949,0.7921586933266218,0.09012345679012346
Las Palmas,208,3894783,draw,0,16,0.9414820822762684,12.051263543645856,0.753203971477866,0.1072961373390558
Las Palmas,208,3894750,draw,0,16,0.9355049161700786,11.967057522684222,0.7479410951677639,0.10432569974554708
Las Palmas,208,3894627,lost,0,16,0.9543762014307351,12.629200116622867,0.7893250072889292,0.16831683168316833
Las Palmas,208,3894684,win,1,13,0.9500042079231663,10.35166558080538,0.79628196775426,0.13457760314341846
Las Palmas,208,3894609,win,1,16,0.9643152569159622,13.303525575219702,0.8314703484512314,0.15208333333333332
Las Palmas,208,3894866,lost,0,16,0.9810931240514652,14.415099178282158,0.9009436986426349,0.14662447257383968
Las Palmas,208,3894777,lost,0,16,0.9476358023561301,12.06105133992434,0.7538157087452713,0.15069551777434312
Las Palmas,208,3894759,win,1,16,0.9261277824426257,11.69841584672051,0.7311509904200318,0.12355212355212356
Las Palmas,208,3894729,win,1,15,0.9321392915171721,10.851413670533,0.7234275780355334,0.17005545286506468
Las Palmas,208,3894551,draw,0,16,0.962654911220264,13.314222973870683,0.8321389358669177,0.18588469184890655
Las Palmas,208,3894597,lost,0,16,0.9702440259619398,13.556925707594292,0.8473078567246433,0.09941944847605225
Las Palmas,208,3894603,win,1,16,0.9451460392569944,12.043006320680956,0.7526878950425597,0.11352040816326531
Las Palmas,208,3894697,draw,0,15,0.9423396225933066,11.348583461402304,0.7565722307601537,0.16585760517799353
Las Palmas,208,3894676,win,1,14,0.9534115018005825,11.10586599348656,0.7932761423918971,0.1356749311294766
Las Palmas,208,3894743,lost,0,16,0.9463178934280262,12.248935696789736,0.7655584810493585,0.09243697478991597
Osasuna,422,3894817,lost,0,16,0.9654409976580892,13.362807886451598,0.8351754929032249,0.21368715083798884
Osasuna,422,3894546,lost,0,14,0.9470234966855199,10.77867174360856,0.7699051245434686,0.1757188498402556
Osasuna,422,3894643,lost,0,16,0.9640696015726983,13.408745596930515,0.8380465998081572,0.18085106382978725
Osasuna,422,3894713,win,1,16,0.940397683032675,12.224112247173212,0.7640070154483257,0.18115942028985507
Osasuna,422,3894611,lost,0,15,0.9662218429582083,12.867419906206035,0.857827993747069,0.18194444444444444
Osasuna,422,3894556,win,1,15,0.9629896725679435,12.557421146892812,0.8371614097928541,0.2876923076923077
Osasuna,422,3894731,win,1,16,0.9669276555105135,13.652905391300028,0.8533065869562517,0.2952522255192878
Osasuna,422,3894650,draw,0,16,0.9627719229178728,13.666637645767613,0.8541648528604758,0.22916666666666666
Osasuna,422,3894798,win,1,16,0.9471282656977172,12.162614714142494,0.7601634196339059,0.20710059171597633
Osasuna,422,3894765,win,1,16,0.9268563522743792,11.138899461459358,0.6961812163412099,0.30333333333333334
Osasuna,422,3894530,win,1,15,0.9552648220395757,12.38972420686446,0.825981613790964,0.21166306695464362
Osasuna,422,3894672,draw,0,16,0.9600294966078478,13.387822495391786,0.8367389059619866,0.32234432234432236
Osasuna,422,3894833,lost,0,15,0.9474271946830599,12.018708496112188,0.8012472330741459,0.16265060240963855
Osasuna,422,3894801,lost,0,15,0.9384139745390288,11.588513192637912,0.7725675461758608,0.19716494845360824
Osasuna,422,3894693,win,1,16,0.9673008684589497,13.726647049609932,0.8579154406006207,0.20459081836327345
Osasuna,422,3894775,win,1,16,0.9508022295988852,12.671985983918082,0.7919991239948801,0.18761726078799248
Osasuna,422,3894605,win,1,16,0.9374679310396687,12.166944738893118,0.7604340461808199,0.1673511293634497
Osasuna,422,3894897,win,1,14,0.9706486789647031,12.302881719496646,0.8787772656783319,0.1783132530120482
Osasuna,422,3894570,lost,0,16,0.9430986306193128,11.828393138429448,0.7392745711518405,0.18864097363083165
Osasuna,422,3894844,lost,0,16,0.9513612936777565,12.644278781589557,0.7902674238493473,0.30409356725146197
Osasuna,422,3894755,lost,0,16,0.9553565301017625,12.76868648449134,0.7980429052807088,0.1822429906542056
Osasuna,422,3894783,draw,0,16,0.9584634243107701,13.092013681747218,0.8182508551092011,0.2966101694915254
Osasuna,422,3894904,draw,0,16,0.9517484150466816,12.986919425900512,0.811682464118782,0.19375
Osasuna,422,3894887,draw,0,16,0.9424061673835293,12.28479163502635,0.7677994771891469,0.2094188376753507
Osasuna,422,3894824,win,1,16,0.9563628497764219,12.905851554945091,0.8066157221840682,0.18722466960352424
Osasuna,422,3894560,lost,0,16,0.9660543183321502,13.394397301081705,0.8371498313176066,0.2716049382716049
Osasuna,422,3894857,lost,0,16,0.9578365247249759,12.897825375990116,0.8061140859993823,0.14169381107491857
Osasuna,422,3894666,lost,0,16,0.9367602858699656,11.782439250244426,0.7364024531402766,0.16198347107438016
Osasuna,422,3894704,lost,0,16,0.9663131730470264,13.598168189121091,0.8498855118200682,0.19678714859437751
Osasuna,422,3894865,lost,0,15,0.9503377290855978,11.97652829969973,0.798435219979982,0.2111111111111111
Osasuna,422,3894624,win,1,16,0.9596615396572584,13.247104201962134,0.8279440126226334,0.18528368794326242
Osasuna,422,3894746,draw,0,15,0.9614194431312105,12.609053411128157,0.8406035607418771,0.1812015503875969
Osasuna,422,3894631,lost,0,15,0.9569997603932457,12.180747642996833,0.8120498428664555,0.20734341252699784
Osasuna,422,3894870,draw,0,15,0.9522460655800905,11.969821407752637,0.7979880938501758,0.26785714285714285
Osasuna,422,3894726,lost,0,16,0.9602536173797764,13.128012902237314,0.8205008063898321,0.24307692307692308
Osasuna,422,3894592,lost,0,16,0.9525492543094959,12.731651180782062,0.7957281987988789,0.18253968253968253
Osasuna,422,3894587,draw,0,16,0.9349124031814303,11.774599247148801,0.7359124529468001,0.3324396782841823
Osasuna,422,3894682,draw,0,15,0.9532825354409168,12.113786984630941,0.8075857989753961,0.20677570093457945
Real Madrid,220,3894817,win,1,16,0.9479584535240255,12.690730214529703,0.7931706384081064,0.1225328947368421
Real Madrid,220,3894568,win,1,16,0.9668792578540099,13.644270507225226,0.8527669067015766,0.11794871794871795
Real Madrid,220,3894738,win,1,16,0.9568445587119311,12.998916098223816,0.8124322561389885,0.1274928774928775
Real Madrid,220,3894611,win,1,16,0.9672956362342701,13.615567263607488,0.850972953975468,0.09152086137281291
Real Madrid,220,3894578,win,1,16,0.9354560453365368,12.152560485294893,0.7595350303309308,0.12250453720508167
Real Madrid,220,3894623,win,1,16,0.9428609456293364,12.310900199275139,0.7694312624546962,0.10037174721189591
Real Madrid,220,3894629,win,1,14,0.9756873244719239,12.421295816463527,0.8872354154616805,0.11654135338345864
Real Madrid,220,3894868,win,1,14,0.9484000296776487,10.970855394523518,0.7836325281802513,0.09892729439809297
Real Madrid,220,3894677,win,1,15,0.9408562201337983,11.60906814732359,0.7739378764882393,0.0681024447031432
Real Madrid,220,3894890,draw,0,15,0.9629446028998964,12.499977545626365,0.833331836375091,0.09009628610729023
Real Madrid,220,3894843,win,1,15,0.9389865281101105,11.507663286344089,0.7671775524229393,0.11188118811881188
Real Madrid,220,3894906,draw,0,16,0.9363126232411519,11.912246334677295,0.744515395917331,0.08902077151335312
Real Madrid,220,3894769,draw,0,15,0.9630850198199618,12.535803832629464,0.8357202555086309,0.14937388193202147
Real Madrid,220,3894655,win,1,16,0.9515267049390654,12.951735839162557,0.8094834899476598,0.10998307952622674
Real Madrid,220,3894667,win,1,16,0.9391089347372279,11.729039033409896,0.7330649395881185,0.09352517985611511
Real Madrid,220,3894681,draw,0,15,0.949070614471015,11.981276278354565,0.7987517518903043,0.08746736292428199
Real Madrid,220,3894821,win,1,16,0.9392885761897867,12.33339434716847,0.7708371466980294,0.11259259259259259
Real Madrid,220,3894717,win,1,15,0.9328874973804816,11.405127397189615,0.7603418264793077,0.09654178674351585
Real Madrid,220,3894542,win,1,16,0.9560773317904141,13.041190299530705,0.815074393720669,0.10209003215434084
Real Madrid,220,3894694,win,1,16,0.9521867174986602,12.837555414825031,0.8023472134265645,0.10385756676557864
Real Madrid,220,3894806,win,1,16,0.9593725846082135,13.21320424558257,0.8258252653489107,0.10846953937592868
Real Madrid,220,3894873,win,1,13,0.96895235156183,11.308189834366631,0.8698607564897409,0.12157534246575342
Real Madrid,220,3894581,lost,0,16,0.9635154100637401,13.198214468901726,0.8248884043063579,0.12652439024390244
Real Madrid,220,3894884,win,1,15,0.9536734580570995,12.05598100327157,0.8037320668847714,0.08555825242718447
Real Madrid,220,3894795,draw,0,16,0.9480640908494132,12.823238185945725,0.8014523866216078,0.10376134889753567
Real Madrid,220,3894597,win,1,16,0.9693391642889274,13.698158926522924,0.8561349329076827,0.14227642276422764
Real Madrid,220,3894723,win,1,15,0.9452008511355421,11.888850418098723,0.7925900278732482,0.11242138364779874
Real Madrid,220,3894753,draw,0,14,0.9527824885366528,11.458798769527988,0.8184856263948562,0.09796806966618288
Real Madrid,220,3894780,win,1,14,0.9328042635757088,10.581419482369878,0.7558156773121342,0.1053019145802651
Real Madrid,220,3894832,win,1,13,0.9599265736653472,10.731203553963981,0.8254771964587678,0.13675213675213677
Real Madrid,220,3894708,win,1,14,0.9534345673195387,11.512295448123751,0.8223068177231251,0.09705372616984402
Real Madrid,220,3894644,draw,0,14,0.9612106107647016,11.783392999707152,0.8416709285505108,0.14464882943143811
Real Madrid,220,3894764,win,1,16,0.9613273659099602,13.365997959787407,0.8353748724867129,0.09045226130653267
Real Madrid,220,3894606,win,1,15,0.9591547143867718,12.293489263305197,0.8195659508870131,0.12
Real Madrid,220,3894538,win,1,15,0.9703799950129839,13.039211681852478,0.8692807787901652,0.12519440124416797
Real Madrid,220,3894852,win,1,16,0.952946459813721,12.74971132139484,0.7968569575871775,0.155902004454343
Real Madrid,220,3894743,win,1,16,0.9318186555172622,11.582462853063527,0.7239039283164704,0.1262135922330097
Real Madrid,220,3894554,win,1,15,0.9541744363506722,12.258887355573814,0.8172591570382542,0.11377245508982035
Getafe,216,3894536,draw,0,14,0.9432154558788807,10.850470111895461,0.7750335794211044,0.25535714285714284
Getafe,216,3894568,lost,0,16,0.9585321572035133,12.985180885430465,0.811573805339404,0.28346456692913385
Getafe,216,3894589,draw,0,16,0.9605622071897465,13.264454709323951,0.829028419332747,0.24559471365638766
Getafe,216,3894840,draw,0,14,0.95696204176557,11.62185081799439,0.8301322012853136,0.28
Getafe,216,3894763,win,1,14,0.963921758928499,12.073053852039585,0.8623609894313989,0.2711267605633803
Getafe,216,3894543,lost,0,15,0.9658951137478731,12.64012280105099,0.8426748534033994,0.29411764705882354
Getafe,216,3894716,lost,0,16,0.955135412913652,12.778610156668645,0.7986631347917903,0.2628398791540785
Getafe,216,3894883,lost,0,16,0.9440897918731824,12.061703731148384,0.753856483196774,0.1413934426229508
Getafe,216,3894792,draw,0,14,0.9574412044587655,11.371987099893722,0.8122847928495516,0.2956204379562044
Getafe,216,3894731,lost,0,13,0.9700095980123877,11.278755960731468,0.8675966123639591,0.27014218009478674
Getafe,216,3894620,draw,0,16,0.9784644673838517,14.312674878996738,0.8945421799372961,0.2518987341772152
Getafe,216,3894770,draw,0,15,0.9717675581232839,13.123060583145074,0.874870705543005,0.2929782082324455
Getafe,216,3894853,win,1,16,0.9569912842798164,13.03466896938604,0.8146668105866275,0.22700296735905046
Getafe,216,3894836,draw,0,16,0.941950444883253,12.119040835893227,0.7574400522433267,0.3127208480565371
Getafe,216,3894607,draw,0,16,0.9504751765481689,12.7455163858454,0.7965947741153375,0.1698292220113852
Getafe,216,3894779,lost,0,16,0.9544500772594194,12.728511383827927,0.7955319614892454,0.32241379310344825
Getafe,216,3894757,draw,0,16,0.9633994598440442,13.383309268097376,0.836456829256086,0.2793764988009592
Getafe,216,3894583,lost,0,16,0.9752762247889244,14.202324568788015,0.8876452855492509,0.24251497005988024
Getafe,216,3894826,lost,0,16,0.9589197023026605,13.057899604221015,0.8161187252638135,0.1712
Getafe,216,3894617,draw,0,15,0.9532523217172578,11.81037636410167,0.7873584242734446,0.3326271186440678
Getafe,216,3894557,win,1,15,0.9702110611790854,13.05642285635385,0.87042819042359,0.28551136363636365
Getafe,216,3894652,draw,0,16,0.9435474040521635,12.294510815647325,0.7684069259779578,0.304
Getafe,216,3894570,win,1,16,0.9692166652291138,13.547284626183648,0.846705289136478,0.25191815856777494
Getafe,216,3894739,win,1,15,0.9538820552416333,11.997054968112428,0.7998036645408285,0.2719546742209632
Getafe,216,3894642,win,1,14,0.9522065318703894,11.212082915496246,0.800863065392589,0.26805555555555555
Getafe,216,3894679,win,1,15,0.966832872523524,12.947833470304726,0.8631888980203151,0.1905132192846034
Getafe,216,3894816,win,1,15,0.9661027143328731,12.830791162896986,0.8553860775264658,0.2427055702917772
Getafe,216,3894698,win,1,14,0.9205647543295455,10.025553605505133,0.7161109718217952,0.235
Getafe,216,3894638,draw,0,14,0.9366898083234092,10.488493322983835,0.7491780944988454,0.3137254901960784
Getafe,216,3894723,lost,0,16,0.9471435583275711,12.53657768329609,0.7835361052060056,0.17484008528784648
Getafe,216,3894805,lost,0,16,0.9671160207761555,13.510354418905488,0.844397151181593,0.26498800959232616
Getafe,216,3894676,lost,0,16,0.963047671657392,13.37247572948526,0.8357797330928287,0.296474358974359
Getafe,216,3894894,lost,0,16,0.9570228373945386,12.930521239062609,0.808157577441413,0.2562893081761006
Getafe,216,3894869,lost,0,16,0.9534440227491813,12.564005798351086,0.7852503623969429,0.16145833333333334
Getafe,216,3894701,draw,0,16,0.9328308120104724,11.847961391251962,0.7404975869532476,0.155668358714044
Getafe,216,3894663,win,1,16,0.9336853963081291,11.726613723048056,0.7329133576905035,0.2218683651804671
Getafe,216,3894860,lost,0,14,0.945559646306588,10.71246084482661,0.7651757746304721,0.17111853088480802
Getafe,216,3894902,lost,0,16,0.9520876988407165,12.818491230502667,0.8011557019064167,0.1762749445676275
Rayo Vallecano,360,3894633,draw,0,16,0.9537774612430268,13.151934871140766,0.8219959294462978,0.1837782340862423
Rayo Vallecano,360,3894590,draw,0,15,0.9513844857640594,11.938763685852273,0.7959175790568181,0.2188235294117647
Rayo Vallecano,360,3894787,lost,0,16,0.9684780228904913,13.63256415311875,0.8520352595699219,0.1463157894736842
Rayo Vallecano,360,3894896,lost,0,16,0.9730443656662631,13.953063786360643,0.8720664866475402,0.24448529411764705
Rayo Vallecano,360,3894716,win,1,16,0.9527102970584616,12.525523703678235,0.7828452314798897,0.1446886446886447
Rayo Vallecano,360,3894674,lost,0,15,0.9711645908356487,13.008250964899318,0.8672167309932879,0.1705653021442495
Rayo Vallecano,360,3894564,lost,0,16,0.9695613138280922,13.919461253437166,0.8699663283398229,0.20454545454545456
Rayo Vallecano,360,3894661,win,1,16,0.9477408173395091,12.619631912311629,0.7887269945194768,0.2468354430379747
Rayo Vallecano,360,3894586,draw,0,16,0.9752921637410344,14.038446529133635,0.8774029080708522,0.21525885558583105
Rayo Vallecano,360,3894861,lost,0,16,0.9466811796314364,12.206301027634666,0.7628938142271666,0.15817091454272864
Rayo Vallecano,360,3894549,lost,0,16,0.9527844225341048,12.649806394020993,0.7906128996263121,0.20454545454545456
Rayo Vallecano,360,3894836,draw,0,15,0.9699161830354106,12.982496335328806,0.8654997556885871,0.20510204081632652
Rayo Vallecano,360,3894727,lost,0,16,0.9552090000475975,12.808836514488448,0.800552282155528,0.21123595505617979
Rayo Vallecano,360,3894602,draw,0,16,0.9620102513932091,13.254661084341102,0.8284163177713189,0.16760828625235405
Rayo Vallecano,360,3894693,lost,0,16,0.952469533432064,12.828862144835151,0.8018038840521969,0.26791277258566976
Rayo Vallecano,360,3894769,draw,0,16,0.9784224204911994,14.302862254454983,0.8939288909034364,0.2351421188630491
Rayo Vallecano,360,3894899,lost,0,16,0.9698767533128944,13.813089921349706,0.8633181200843566,0.1645367412140575
Rayo Vallecano,360,3894747,draw,0,14,0.9594913591510325,11.57831867114207,0.8270227622244335,0.25771971496437057
Rayo Vallecano,360,3894705,lost,0,16,0.9545240704001597,12.942663696019421,0.8089164810012138,0.21037735849056605
Rayo Vallecano,360,3894793,draw,0,16,0.9531973354749931,13.098370529452719,0.8186481580907949,0.2196652719665272
Rayo Vallecano,360,3894851,lost,0,16,0.9547531710932226,12.916473024171248,0.807279564010703,0.16950757575757575
Rayo Vallecano,360,3894610,draw,0,16,0.9542512539182911,13.006288464955398,0.8128930290597124,0.3141891891891892
Rayo Vallecano,360,3894749,lost,0,16,0.9548188135609981,12.914357402109054,0.8071473376318159,0.1594311377245509
Rayo Vallecano,360,3894844,win,1,16,0.9505396258565385,12.772141529708142,0.7982588456067589,0.17857142857142858
Rayo Vallecano,360,3894876,draw,0,16,0.9633621254547304,13.53825603063194,0.8461410019144963,0.2325870646766169
Rayo Vallecano,360,3894537,win,1,15,0.9577414640936355,12.599851222201451,0.8399900814800968,0.18892045454545456
Rayo Vallecano,360,3894627,win,1,16,0.9572742750505053,13.034146895691865,0.8146341809807416,0.2400990099009901
Rayo Vallecano,360,3894729,lost,0,16,0.9521927439468857,12.850435747494833,0.8031522342184271,0.23766816143497757
Rayo Vallecano,360,3894827,draw,0,16,0.9353664233707549,11.80448070258019,0.7377800439112618,0.21052631578947367
Rayo Vallecano,360,3894809,win,1,16,0.972957208252437,13.893582663385263,0.868348916461579,0.3126984126984127
Rayo Vallecano,360,3894687,draw,0,16,0.9339883362702114,11.689568176821592,0.7305980110513495,0.15687789799072643
Rayo Vallecano,360,3894768,lost,0,16,0.9808997711709254,14.599133436169295,0.9124458397605809,0.23684210526315788
Rayo Vallecano,360,3894888,win,1,15,0.9758419334809768,13.255425195435334,0.8836950130290223,0.318
Rayo Vallecano,360,3894644,draw,0,15,0.9628178948064854,12.58628509499488,0.8390856729996586,0.24202898550724639
Rayo Vallecano,360,3894573,win,1,16,0.9587960085155645,13.28512009199678,0.8303200057497987,0.22873563218390805
Rayo Vallecano,360,3894799,lost,0,16,0.957832860394977,12.96714526457877,0.8104465790361731,0.14437194127243066
Rayo Vallecano,360,3894548,win,1,16,0.9652946127621608,13.453597349241175,0.8408498343275734,0.2006880733944954
Rayo Vallecano,360,3894651,lost,0,16,0.9610181652470874,13.243048029739404,0.8276905018587127,0.19542619542619544
